Name_PV,LibType,N_PV_arrays,N_PV_inServ,S_spv,Unit,P_ctrlMode,Active_ref,Unit,Q_ctrlMode,Reactive_ref,Unit,s_nom,p_mw,q_mw,p_pu,q_pu
PFV_EL_PELICANO,WECC PV park,66,66,1.6667,MVA,2,0.27,pu,1,-0.1464,pu,110.0022,29.70059400,-16.10432208,0.27000000,-0.14640000
PFV_LA_HUELLA,WECC PV park,26,26,3.63,MVA,2,0.27,pu,1,-0.255,pu,94.38,25.48260000,-24.06690000,0.27000000,-0.25500000
PFV_EL_ROMERO,WECC PV park,190,190,1.08889,MVA,2,0.27,pu,1,-0.3592,pu,206.88909999999998,55.86005700,-74.31456472,0.27000000,-0.35920000
PFV_SAN_ANDRES,WECC PV park,35,35,1.445,MVA,2,0.27,pu,1,0,pu,50.575,13.65525000,0.00000000,0.27000000,0.00000000
PFV_GUANCHOI,WECC PV park,30,30,1.667,MVA,2,0.27,pu,1,0,pu,50.01,13.50270000,0.00000000,0.27000000,0.00000000
PFV_DIEGO_DE_ALMAGRO_SUR,WECC PV park,46,46,4.6,MVA,2,0.7661,pu,1,0,pu,211.6,162.10676000,0.00000000,0.76610000,0.00000000
PFV_CAMPOS_DEL_SOL,WECC PV park,245,245,1.667,MVA,2,0.27,pu,1,-0.0601,pu,408.415,110.27205000,-24.54574150,0.27000000,-0.06010000
PFV_LUZ_DEL_NORTE,WECC PV park,172,172,0.88,MVA,2,0.27,pu,1,0,pu,151.36,40.86720000,0.00000000,0.27000000,0.00000000
PMGD_PFV_DAlmagro110,WECC PV park,41,41,1,MVA,2,0.27,pu,1,0,pu,41,11.07000000,0.00000000,0.27000000,0.00000000
PMGD_PFV_Maitencillo110,WECC PV park,38,38,1,MVA,2,0.27,pu,1,0,pu,38,10.26000000,0.00000000,0.27000000,0.00000000
PMGD_PFV_LVilos220,WECC PV park,116,116,1,MVA,2,0.27,pu,1,0,pu,116,31.32000000,0.00000000,0.27000000,0.00000000
PMGD_PFV_PAzucar110,WECC PV park,96,96,1,MVA,2,0.27,pu,1,0,pu,96,25.92000000,0.00000000,0.27000000,0.00000000
PMGD_PFV_ASanta220,WECC PV park,121,121,1,MVA,2,0.27,pu,1,0,pu,121,32.67000000,0.00000000,0.27000000,0.00000000
PMGD_PFV_LVegas110,WECC PV park,141,141,1,MVA,2,0.27,pu,1,0,pu,141,38.07000000,0.00000000,0.27000000,0.00000000
PMGD_PFV_Renca110,WECC PV park,39,39,1,MVA,2,0.27,pu,1,0,pu,39,10.53000000,0.00000000,0.27000000,0.00000000
PMGD_PFV_CNavia110,WECC PV park,62,62,1,MVA,2,0.27,pu,1,0,pu,62,16.74000000,0.00000000,0.27000000,0.00000000
PMGD_PFV_Florida110,WECC PV park,64,64,1,MVA,2,0.27,pu,1,0,pu,64,17.28000000,0.00000000,0.27000000,0.00000000
PMGD_PFV_AJahuel110,WECC PV park,66,66,1,MVA,2,0.27,pu,1,0,pu,66,17.82000000,0.00000000,0.27000000,0.00000000
PMGD_PFV_Polpaico220,WECC PV park,134,134,1,MVA,2,0.27,pu,1,0,pu,134,36.18000000,0.00000000,0.27000000,0.00000000
PMGD_PFV_Rapel220,WECC PV park,266,266,1,MVA,2,0.27,pu,1,0,pu,266,71.82000000,0.00000000,0.27000000,0.00000000
PFV_Dona_Antonia_OG,WECC PV park,82,82,1,MVA,2,0.27,pu,1,0,pu,82,22.14000000,0.00000000,0.27000000,0.00000000
PFV_Don_Humberto_OG,WECC PV park,81,81,1,MVA,2,0.27,pu,1,0,pu,81,21.87000000,0.00000000,0.27000000,0.00000000
PFV_Libertad_III_OG,WECC PV park,136,136,1,MVA,2,0.27,pu,1,-0.1,pu,136,36.72000000,-13.60000000,0.27000000,-0.10000000
PFV_Leyda_OG,WECC PV park,95,95,1,MVA,2,0.27,pu,1,0,pu,95,25.65000000,0.00000000,0.27000000,0.00000000
PFV_Cachiyuyo_OG,WECC PV park,53,53,1,MVA,2,0.27,pu,1,0,pu,53,14.31000000,0.00000000,0.27000000,0.00000000
PFV_Capricornio,WECC PV park,57,57,1.667,MVA,2,0.27,pu,1,0,pu,95.019,25.65513000,0.00000000,0.27000000,0.00000000
PV_PAMPA_TIGRE,WECC PV park,100,100,1.089,MVA,2,0.9,pu,1,0,pu,108.89999999999999,98.01000000,0.00000000,0.90000000,0.00000000
PFV_Andes_Solar_SD_SA_SN,WECC PV park,40,40,1.453,MVA,2,0.27,pu,1,0.,pu,58.120000000000004,15.69240000,0.00000000,0.27000000,0.00000000
PFV_UribeSolar,WECC PV park,32,32,1.667,MVA,2,0.27,pu,1,0,pu,53.344,14.40288000,0.00000000,0.27000000,0.00000000
PFV_Bolero,WECC PV park,94,94,1.56,MVA,2,0.27,pu,1,0,pu,146.64000000000001,39.59280000,0.00000000,0.27000000,0.00000000
PFV_Cerro_Dominador,WECC PV park,66,66,1.667,MVA,2,0.27,pu,1,0,pu,110.022,29.70594000,0.00000000,0.27000000,0.00000000
PFV_Finis_Terrae_I,WECC PV park,48,48,1.667,MVA,2,0.27,pu,1,0,pu,80.016,21.60432000,0.00000000,0.27000000,0.00000000
PFV_Finis_Terrae_II,WECC PV park,48,48,1.667,MVA,2,0.27,pu,1,0,pu,80.016,21.60432000,0.00000000,0.27000000,0.00000000
PFV_Usya_AzaBache,WECC PV park,69,69,1.667,MVA,2,0.27,pu,1,0,pu,115.023,31.05621000,0.00000000,0.27000000,0.00000000
PFV_San_Pedro,WECC PV park,70,70,1.637,MVA,2,0.27,pu,1,0.0107,pu,114.59,30.93930000,1.22611300,0.27000000,0.01070000
PFV_Andes_Solar_II,WECC PV park,21,21,4.015,MVA,2,0.27,pu,1,0,pu,84.315,22.76505000,0.00000000,0.27000000,0.00000000
PFV_COCHRANE,WECC PV park,94,94,1.56,MVA,2,0.27,pu,1,0,pu,146.64000000000001,39.59280000,0.00000000,0.27000000,0.00000000
PFV_KAPATUIR,WECC PV park,115,115,1.56,MVA,2,0.27,pu,1,0,pu,179.4,48.43800000,0.00000000,0.27000000,0.00000000
PFV_IEM_TEN,WECC PV park,72,72,3.437,MVA,2,0.27,pu,1,0,pu,247.464,66.81528000,0.00000000,0.27000000,0.00000000
PMGD_PFV_Lagunas220,WECC PV park,54,54,1,MVA,2,0.27,pu,1,0,pu,54,14.58000000,0.00000000,0.27000000,0.00000000
PMGD_PFV_Crucero220,WECC PV park,34,34,1,MVA,2,0.27,pu,1,0,pu,34,9.18000000,0.00000000,0.27000000,0.00000000
PMGD_PFV_Esmeralda110,WECC PV park,71,71,1,MVA,2,0.27,pu,1,0,pu,71,19.17000000,0.00000000,0.27000000,0.00000000
PFV_Gabriela_OG,WECC PV park,261,261,1,MVA,2,0.27,pu,1,0,pu,261,70.47000000,0.00000000,0.27000000,0.00000000
PFV_Andes_III_Etapa1_OG,WECC PV park,176,176,1,MVA,2,0.27,pu,1,0,pu,176,47.52000000,0.00000000,0.27000000,0.00000000
PFV_Quilapilun,WECC PV park,110,110,1,MVA,2,0.27,pu,1,-0.014,pu,110,29.70000000,-1.54000000,0.27000000,-0.01400000
PFV_Willka2_New,WECC PV park,105,105,1,MVA,2,0.27,pu,1,0,pu,105,28.35000000,0.00000000,0.27000000,0.00000000
PFV_Tirana_Oeste_OG,WECC PV park,120,120,1,MVA,2,0.27,pu,1,0,pu,120,32.40000000,0.00000000,0.27000000,0.00000000
PFV_Zaldivar_OG,WECC PV park,250,250,1,MVA,2,0.94,pu,1,0,pu,250,235.00000000,0.00000000,0.94000000,0.00000000
PFV_Solar_Toro_OG,WECC PV park,56,56,1,MVA,2,0.27,pu,1,0,pu,56,15.12000000,0.00000000,0.27000000,0.00000000
PFV_SALAR_DE_HUASCO_OG,WECC PV park,30,30,1,MVA,2,0.27,pu,1,0,pu,30,8.10000000,0.00000000,0.27000000,0.00000000
PFV_PINTADOS_OG,WECC PV park,77,77,1,MVA,2,0.27,pu,1,0,pu,77,20.79000000,0.00000000,0.27000000,0.00000000
PFV_PICA_2_OG,WECC PV park,90,90,1,MVA,2,0.27,pu,1,0,pu,90,24.30000000,0.00000000,0.27000000,0.00000000
PFV_TamayaSolar,WECC PV park,69,69,1.667,MVA,2,0.27,pu,1,0,pu,115.023,31.05621000,0.00000000,0.27000000,0.00000000
PFV_PALM_HUAYCA,WECC PV park,30,30,1.667,MVA,2,0.27,pu,1,0,pu,50.01,13.50270000,0.00000000,0.27000000,0.00000000
PFV_Victor_Jara_OG,WECC PV park,240,240,1,MVA,2,0.27,pu,1,0,pu,240,64.80000000,0.00000000,0.27000000,0.00000000
PMGD_PFV_PAlmonte110,WECC PV park,108,108,1,MVA,2,0.27,pu,1,0,pu,108,29.16000000,0.00000000,0.27000000,0.00000000
PFV_Aurora_Solar_OG,WECC PV park,220,220,1,MVA,2,0.27,pu,1,0,pu,220,59.40000000,0.00000000,0.27000000,0.00000000
PFV_Sol_del_Desierto_II,WECC PV park,72,72,3.437,MVA,2,0.27,pu,1,0,pu,247.464,66.81528000,0.00000000,0.27000000,0.00000000
PMGD_PFV_Calama220,WECC PV park,66,66,1,MVA,2,0.27,pu,1,0,pu,66,17.82000000,0.00000000,0.27000000,0.00000000
PFV_NCHUQUI,WECC PV park,72,72,3.437,MVA,2,0.27,pu,1,0,pu,247.464,66.81528000,0.00000000,0.27000000,0.00000000
PFV_Las_Salinas_Etapa2_OG,WECC PV park,36,36,1,MVA,2,0.27,pu,1,0,pu,36,9.72000000,0.00000000,0.27000000,0.00000000
PFV_Las_Salinas_Etapa3_OG,WECC PV park,127,127,1,MVA,2,0.27,pu,1,0,pu,127,34.29000000,0.00000000,0.27000000,0.00000000
PFV_Las_Salinas_Etapa4_OG,WECC PV park,97,97,1,MVA,2,0.27,pu,1,0,pu,97,26.19000000,0.00000000,0.27000000,0.00000000
PFV_Las_Salinas_Etapa5_OG,WECC PV park,31,31,1,MVA,2,0.27,pu,1,0,pu,31,8.37000000,0.00000000,0.27000000,0.00000000
PFV_Las_Salinas_Etapa6_OG,WECC PV park,25,25,1,MVA,2,0.27,pu,1,0,pu,25,6.75000000,0.00000000,0.27000000,0.00000000
PFV_Socompa_OG,WECC PV park,250,250,1,MVA,2,0.27,pu,1,0,pu,250,67.50000000,0.00000000,0.27000000,0.00000000
PFV_ALMEYDA,WECC PV park,1,1,60.5,MVA,2,0.27,pu,1,0,pu,60.5,16.33500000,0.00000000,0.27000000,0.00000000
PFV_MALGARIDA_I_II,WECC PV park,142,142,1.637,MVA,2,0.27,pu,1,0,pu,232.454,62.76258000,0.00000000,0.27000000,0.00000000
PFV_Central_DDA_OG,WECC PV park,293,293,1,MVA,2,0.27,pu,1,-0.065,pu,293,79.11000000,-19.04500000,0.27000000,-0.06500000
PFV_Sol_de_Vallenar_OG,WECC PV park,123,123,1,MVA,2,0.27,pu,1,-0.065,pu,123,33.21000000,-7.99500000,0.27000000,-0.06500000
PFV_Tamarico_OG,WECC PV park,165,165,1,MVA,2,0.27,pu,1,-0.1,pu,165,44.55000000,-16.50000000,0.27000000,-0.10000000
PFV_Libertad_II_OG,WECC PV park,136,136,1,MVA,2,0.27,pu,1,-0.1,pu,136,36.72000000,-13.60000000,0.27000000,-0.10000000
PFV_LLANO_DE_LLAMPOS,WECC PV park,66,66,1.667,MVA,2,0.27,pu,1,0,pu,110.022,29.70594000,0.00000000,0.27000000,0.00000000
PMGD_PFV_Cardones110,WECC PV park,138,138,1,MVA,2,0.27,pu,1,0,pu,138,37.26000000,0.00000000,0.27000000,0.00000000
PFV_RIO_ESCONDIDO,WECC PV park,21,21,7,MVA,2,0.27,pu,1,0,pu,147,39.69000000,0.00000000,0.27000000,0.00000000
PMGD_PFV_ElPenon110,WECC PV park,215,215,1,MVA,2,0.27,pu,1,0,pu,215,58.05000000,0.00000000,0.27000000,0.00000000
PFV_Dona_Carmen,WECC PV park,35,35,1,MVA,2,0.27,pu,1,0,pu,35,9.45000000,0.00000000,0.27000000,0.00000000
PFV_Peldehue_Solar_OG,WECC PV park,120,120,1,MVA,2,0.27,pu,1,0,pu,120,32.40000000,0.00000000,0.27000000,0.00000000
PMGD_PFV_AMelipilla220,WECC PV park,144,144,1,MVA,2,0.27,pu,1,0,pu,144,38.88000000,0.00000000,0.27000000,0.00000000
PMGD_PFV_Batuco110,WECC PV park,62,62,1,MVA,2,0.27,pu,1,0,pu,62,16.74000000,0.00000000,0.27000000,0.00000000
PMGD_PFV_Chena110,WECC PV park,147,147,1,MVA,2,0.27,pu,1,0,pu,147,39.69000000,0.00000000,0.27000000,0.00000000
PMGD_PFV_SJavier066,WECC PV park,53,53,1,MVA,2,0.27,pu,1,0,pu,53,14.31000000,0.00000000,0.27000000,0.00000000
PMGD_PFV_Itahue154,WECC PV park,100,100,1,MVA,2,0.27,pu,1,0,pu,100,27.00000000,0.00000000,0.27000000,0.00000000
PMGD_PFV_Linares154,WECC PV park,157,157,1,MVA,2,0.27,pu,1,0,pu,157,42.39000000,0.00000000,0.27000000,0.00000000
PMGD_PFV_Malloa154,WECC PV park,110,110,1,MVA,2,0.27,pu,1,0,pu,110,29.70000000,0.00000000,0.27000000,0.00000000
PMGD_PFV_Paine154,WECC PV park,177,177,1,MVA,2,0.27,pu,1,0,pu,177,47.79000000,0.00000000,0.27000000,0.00000000
PMGD_PFV_Parral154,WECC PV park,154,154,1,MVA,2,0.27,pu,1,-0.1,pu,154,41.58000000,-15.40000000,0.27000000,-0.10000000
PMGD_PFV_Rancagua154,WECC PV park,201,201,1,MVA,2,0.27,pu,1,0,pu,201,54.27000000,0.00000000,0.27000000,0.00000000
PMGD_PFV_Tinguiririca154,WECC PV park,115,115,1,MVA,2,0.27,pu,1,0,pu,115,31.05000000,0.00000000,0.27000000,0.00000000
PMGD_PFV_Horcones066,WECC PV park,33,33,1,MVA,2,0.27,pu,1,-0.1,pu,33,8.91000000,-3.30000000,0.27000000,-0.10000000
PMGD_PFV_Mulchen220,WECC PV park,91,91,1,MVA,2,0.27,pu,1,-0.1,pu,91,24.57000000,-9.10000000,0.27000000,-0.10000000
PMGD_PFV_Duqueco220,WECC PV park,29,29,1,MVA,2,0.27,pu,1,0,pu,29,7.83000000,0.00000000,0.27000000,0.00000000
PMGD_PFV_Temuco066,WECC PV park,30,30,1,MVA,2,0.27,pu,1,-0.1,pu,30,8.10000000,-3.00000000,0.27000000,-0.10000000
PFV_Gran_Teno_OG,WECC PV park,241,241,1,MVA,2,0.27,pu,1,0,pu,241,65.07000000,0.00000000,0.27000000,0.00000000
PFV_Tamango_OG,WECC PV park,49,49,1,MVA,2,0.27,pu,1,-0.1,pu,49,13.23000000,-4.90000000,0.27000000,-0.10000000
PMG_Venezia_Solar_OG,WECC PV park,11,11,1,MVA,2,0.27,pu,1,0,pu,11,2.97000000,0.00000000,0.27000000,0.00000000
PFV_Ortega_Negrete_OG,WECC PV park,3,3,1,MVA,2,0.27,pu,1,-0.1,pu,3,0.81000000,-0.30000000,0.27000000,-0.10000000
PMGD_PFV_PCortes154,WECC PV park,52,52,1,MVA,2,0.27,pu,1,0,pu,52,14.04000000,0.00000000,0.27000000,0.00000000
PMGD_PFV_Chillan154,WECC PV park,197,197,1,MVA,2,0.27,pu,1,-0.1,pu,197,53.19000000,-19.70000000,0.27000000,-0.10000000
PMGD_PFV_Charrua066,WECC PV park,249,249,1,MVA,2,0.27,pu,1,-0.1,pu,249,67.23000000,-24.90000000,0.27000000,-0.10000000
PMGD_PFV_Teno154,WECC PV park,186,186,1,MVA,2,0.27,pu,1,0,pu,186,50.22000000,0.00000000,0.27000000,0.00000000
PMGD_PFV_Talca066,WECC PV park,135,135,1,MVA,2,0.27,pu,1,0,pu,135,36.45000000,0.00000000,0.27000000,0.00000000
PFV_Elena_Kimal_NEW,WECC PV park,321,321,1.667,MVA,2,0.27,pu,1,0,pu,535.107,144.47889000,0.00000000,0.27000000,0.00000000
PMGD_PFV_Quillota110,WECC PV park,52,52,1,MVA,2,0.27,pu,1,0,pu,52,14.04000000,0.00000000,0.27000000,0.00000000
PFV_Pampa_Solar_Norte,PV park,42,42,1.667,MVA,2,0.27,pu,1,-0.09,pu,70.014,18.90378000,-6.30126000,0.27000000,-0.09000000
PFV_CARRERA_PINTO,PV park,62,62,1.667,MVA,2,0.27,pu,1,0,pu,103.354,27.90558000,0.00000000,0.27000000,0.00000000
PFV_DAlmagro_Equiv,PV park,215,215,1.667,MVA,2,0.27,pu,1,0,pu,358.40500000000003,96.76935000,0.00000000,0.27000000,0.00000000
PFV_Conejo,PV park,63,63,1.667,MVA,2,0.27,pu,1,-0.1028,pu,105.021,28.35567000,-10.79615880,0.27000000,-0.10280000
PFV_Sol_de_Varas,PV park,65,65,1.667,MVA,2,0.27,pu,1,0,pu,108.355,29.25585000,0.00000000,0.27000000,0.00000000
PFV_Nuevo_Futuro,PV park,75,75,1.667,MVA,2,0.27,pu,1,-0.0867,pu,125.025,33.75675000,-10.83966750,0.27000000,-0.08670000
PFV_Punta_del_Viento,PV park,106,106,1.667,MVA,2,0.27,pu,1,0,pu,176.702,47.70954000,0.00000000,0.27000000,0.00000000
PFV_Libelula_Gen,PV park,186,186,1.667,MVA,2,0.27,pu,1,0,pu,310.062,83.71674000,0.00000000,0.27000000,0.00000000
PFV_Meseta_de_los_Andes,PV park,98,98,1.667,MVA,2,0.27,pu,1,0,pu,163.366,44.10882000,0.00000000,0.27000000,0.00000000
PFV_Domeyko,PV park,120,120,1.667,MVA,2,0.27,pu,1,0,pu,200.04,54.01080000,0.00000000,0.27000000,0.00000000
PFV_Sol_del_Lila,PV park,98,98,1.667,MVA,2,0.27,pu,1,0,pu,163.366,44.10882000,0.00000000,0.27000000,0.00000000
PFV_VALLE_DEL_SOL,PV park,95,95,1.667,MVA,2,0.27,pu,1,0,pu,158.365,42.75855000,0.00000000,0.27000000,0.00000000
PFV_Jama_I_II,PV park,33,33,1.667,MVA,2,0.27,pu,1,0.0073,pu,55.011,14.85297000,0.40158030,0.27000000,0.00730000
PFV_Maria_Elena,PV park,41,41,1.667,MVA,2,0.27,pu,1,0,pu,68.34700000000001,18.45369000,0.00000000,0.27000000,0.00000000
PFV_STA_ISABEL,PV park,110,110,1.667,MVA,2,0.27,pu,1,0,pu,183.37,49.50990000,0.00000000,0.27000000,0.00000000
PFV_Coya,PV park,116,116,1.667,MVA,2,0.27,pu,1,0,pu,193.372,52.21044000,0.00000000,0.27000000,0.00000000
PFV_Pedro_de_Valdivia,PV park,66,66,1.667,MVA,2,0.27,pu,1,0,pu,110.022,29.70594000,0.00000000,0.27000000,0.00000000
PFV_Nuevo_Quillahua,PV park,65,65,1.667,MVA,2,0.27,pu,1,0,pu,108.355,29.25585000,0.00000000,0.27000000,0.00000000
PFV_Granja_Solar,PV park,69,69,1.667,MVA,2,0.27,pu,1,0,pu,115.023,31.05621000,0.00000000,0.27000000,0.00000000
PFV_Atacama_Solar_II,PV park,105,105,1.667,MVA,2,0.27,pu,1,0,pu,175.035,47.25945000,0.00000000,0.27000000,0.00000000
PFV_LCruz_Solar,PV park,32,32,1.667,MVA,2,0.27,pu,1,0.0131,pu,53.344,14.40288000,0.69880640,0.27000000,0.01310000
PFV_Huatacondo,PV park,59,59,1.667,MVA,2,0.27,pu,1,0,pu,98.35300000000001,26.55531000,0.00000000,0.27000000,0.00000000
PFV_Las_Salinas,PV park,233,233,1.667,MVA,2,0.27,pu,1,0,pu,388.411,104.87097000,0.00000000,0.27000000,0.00000000
PFV_Lalackama_Parinas,PV park,35,35,1.667,MVA,2,0.27,pu,1,0,pu,58.345,15.75315000,0.00000000,0.27000000,0.00000000
PFV_VALLE_ESCONDIDO,PV park,64,64,1.667,MVA,2,0.27,pu,1,0,pu,106.688,28.80576000,0.00000000,0.27000000,0.00000000
PFV_LAMPA,PV park,150,150,1.667,MVA,2,0.27,pu,1,0,pu,250.05,67.51350000,0.00000000,0.27000000,0.00000000
PFV_QUILLOTA,PV park,150,150,1.667,MVA,2,0.27,pu,1,0,pu,250.05,67.51350000,0.00000000,0.27000000,0.00000000
